募集状況,主催,イベント名,募集開始,締め切り,タグ,リンク,対象者,作成日時,最終更新日時
募集中,株式会社スタディスト,就業型インターン_26卒ソフトウェアエンジニア,2024/06/28,,就業型インターン,https://open.talentio.com/r/1/c/studist-recruit/pages/93981,全学年,2024年6月29日 11:07,2024年6月29日 11:07
募集中,株式会社クイック,【3Daysインターン｜日当1万】実践課題解決型Webアプリ開発_ソフトウェアエンジニア,2024/06/28,2024/07/29,インターン,https://plump-ground-2f2.notion.site/Engineer-Entrance-Book-b4c7ad0d56ba47098424e34f6b936bc1#96021f7cc6244283a7bed71aaba67077,26卒,2024年6月29日 11:07,2024年6月29日 11:07
募集中,株式会社タイミー,【26卒｜Webエンジニア向け】就業型インターン,2024/06/28,2024/07/31,就業型インターン,https://newgrads.timee.co.jp/Internship,26卒,2024年6月29日 11:07,2024年6月29日 11:07
募集中,クリエーションライン株式会社,【1day・オンライン】アジャイル開発を体験しよう！※27卒以降もご参加可能です,2024/06/28,2024/08/27,ワークショップ,https://job.mynavi.jp/26/pc/search/corp233781/is.html,"全学年, 学部（専攻）不問",2024年6月29日 11:07,2024年6月29日 11:07
募集中,株式会社ナレッジラボ,履歴書にかける「開発実績」を作ろう！実践型エンジニアリングインターン,2024/06/26,2024/07/19,就業型インターン,https://hrmos.co/pages/knowledgelabo/jobs/1852352624351100964,"26卒, 27卒",2024年6月29日 11:07,2024年6月29日 11:07
募集中,株式会社スリーシェイク,SREに強みを持つ会社でSREの技術について学ぶ夏季インターン！,2024/06/01,2024/07/15,インターン,https://acaric.jp/company-search/detail/148323,"全学年, 学歴不問",2024年6月29日 11:07,2024年6月29日 11:07
募集中,ククリ株式会社,【挑戦者求む】アプリ開発インターン(未経験者大歓迎),2024/06/25,2024/07/31,就業型インターン,応募：https://kukuri.co/recruit,"全学年, 学歴不問",2024年6月29日 11:07,2024年6月29日 11:07
募集中,株式会社ドリーム・アーツ,数名限定！本選考直結！26卒実務型長期インターン,2024/06/25,2024/07/12,就業型インターン,応募：https://public.n-ats.hrmos.co/dreamarts/jobs/1998941199481102336,"26卒, 27卒",2024年6月29日 11:07,2024年6月29日 11:07
終了,株式会社電通デジタル,本選考直結！Data Science Internship,2024/06/05,2024/06/26,就業型インターン,応募：https://dentsudigital.snar.jp/jobboard/apply.aspx　/　詳細：https://www.dentsudigital.co.jp/careers/ngr/internships-data-science,26卒,2024年6月29日 11:07,2024年6月29日 11:07
募集中,株式会社LATRICO,LATRICO 2024 Summer Internship,2024/06/20,2024/07/15,インターン,https://docs.google.com/forms/d/e/1FAIpQLSeDGMv8wp7qLnpzT6ie9Udhc_ZORVM8b4aIvK3Nl_6B-Lhwgw/viewform,"全学年, 学歴不問",2024年6月29日 11:07,2024年6月29日 11:07
募集中,株式会社Pleap,【通年募集】急成長中の医療機関向け生成AI SaaSの長期インターン,2024/06/19,2024/08/31,就業型インターン,https://pattern-trowel-07e.notion.site/Pleap-2a9f4aaf70464f049ee3dcf142b162d2?pvs=4,"全学年, 学部（専攻）不問, 学部（選考）不問",2024年6月29日 11:07,2024年6月29日 11:07
募集中,名古屋テレビ放送株式会社,【優勝賞金30万円】全国学生対抗SFプロトタイピングハッカソン Electric Sheep,2024/06/19,2024/08/09,ハッカソン,https://job.tracks.run/challenges/nagoyatv-all-02-hackathon,全学年,2024年6月29日 11:07,2024年6月29日 11:07
募集中,株式会社大塚商会,【就業型プロダクト開発インターン】企業の課題を解決！超実践的な2週間を体感しませんか？,2024/06/18,2024/07/24,就業型インターン,https://job.tracks.run/challenges/otsuka-shokai-26-01,26卒,2024年6月29日 11:07,2024年6月29日 11:07
募集中,株式会社TOKIUM,"株式会社TOKIUM サマーインターン2024【2weeks】
～調べ、考え、挑戦する2週間～",2024/06/18,2024/08/02,インターン,https://hrmos.co/pages/tokium/jobs/1953745853776945173,全学年,2024年6月29日 11:07,2024年6月29日 11:07
募集中,株式会社エイチーム,【26卒】エンジニア就業型インターンシップ,2024/03/01,2024/09/30,就業型インターン,https://ateam-group.snar.jp/entry.aspx?entryid=f631516b-ac8c-43b4-926b-b238061b13c9,26卒,2024年6月29日 11:07,2024年6月29日 11:07
募集中,株式会社エイチーム,【エンジニア1dayインターンシップ】 エイチームのサービスに対して、生成AIを活用した提案をしよう！,2024/03/01,2024/08/31,インターン,https://ateam-group.snar.jp/entry.aspx?entryid=49db77c3-e520-4173-8ad4-3b8bf978f134,"26卒, 学歴不問",2024年6月29日 11:07,2024年6月29日 11:07
募集中,ブルーモ証券株式会社,ブルーモ証券 | 米国株資産運用アプリの長期開発インターン,2024/06/11,,インターン,https://open.talentio.com/r/1/c/bloomo/pages/73153,全学年,2024年6月29日 11:07,2024年6月29日 11:07
募集中,KDDIアジャイル開発センター株式会社,KDDIアジャイル開発センター株式会社夏季インターンシップ,2024/06/07,2024/06/30,インターン,https://kddi-agile.com/internship-24,26卒,2024年6月29日 11:07,2024年6月29日 11:07
終了,富士通株式会社,Fujitsu Professional Internship【職場受入型・有償】,2024/05/24,2024/06/18,就業型インターン,https://www.portal.e2r.jp/fixurl/fdiscover_theme/id/25/19,"26卒, 27卒",2024年6月29日 11:07,2024年6月29日 11:07
終了,富士通株式会社,Fujitsu Seasonal Internship【職場受入型・無償】,2024/05/24,2024/06/13,就業型インターン,https://fujitsu.recruiting.jp.fujitsu.com/intern/20240524-02/,"26卒, 27卒",2024年6月29日 11:07,2024年6月29日 11:07
終了,フューチャー株式会社,フューチャー夏のインターンシップ2024（Engineer Camp）　　　　　　　　(４)自然言語処理に関する研究開発,2024/06/05,2024/06/25,就業型インターン,https://note.com/future_event/n/nf586b6248ef9,全学年,2024年6月29日 11:07,2024年6月29日 11:07
終了,フューチャー株式会社,フューチャー夏のインターンシップ2024（Engineer Camp）　　　　　　　　(５)大規模言語モデル(LLM)を用いた開発,2024/06/05,2024/06/25,就業型インターン,https://note.com/future_event/n/nf586b6248ef9,全学年,2024年6月29日 11:07,2024年6月29日 11:07
終了,フューチャー株式会社,フューチャー夏のインターンシップ2024（Engineer Camp）　　　　　　　　(７)画像AIシステム開発,2024/06/07,2024/06/25,就業型インターン,https://note.com/future_event/n/nf586b6248ef9,全学年,2024年6月29日 11:07,2024年6月29日 11:07
終了,フューチャー株式会社,フューチャー夏のインターンシップ2024（Engineer Camp）　　　　　　　　(６)画像AI技術開発,2024/06/07,2024/06/25,就業型インターン,https://note.com/future_event/n/nf586b6248ef9,全学年,2024年6月29日 11:07,2024年6月29日 11:07
募集中,Mantra株式会社,Mantra toCモバイルアプリサービスの開発インターン,2024/06/04,2024/06/30,就業型インターン,https://docs.google.com/forms/d/e/1FAIpQLSf_4g7bJH4h9IsFsANpm9Ea9mBJZJw1BFraOGHFreUOBSxT0w/viewform,全学年,2024年6月29日 11:07,2024年6月29日 11:07
募集中,Mantra株式会社,Mantra 機械学習エンジニア・リサーチインターン,2024/06/04,2024/06/30,就業型インターン,https://docs.google.com/forms/d/e/1FAIpQLSf_4g7bJH4h9IsFsANpm9Ea9mBJZJw1BFraOGHFreUOBSxT0w/viewform,全学年,2024年6月29日 11:07,2024年6月29日 11:07
終了,株式会社hacomono,学生歓迎！次世代SaaSをグロースさせるバックエンドエンジニアを募集！,2024/06/03,2024/06/13,インターン,https://www.wantedly.com/projects/1377984,全学年,2024年6月29日 11:07,2024年6月29日 11:07
終了,Amazon Web Services Japan,AWS 技術職Workshop 全解剖！　Support Engineer編 Workshop説明会　6/28 18:00開始,2024/06/03,2024/06/28,説明会,https://app.brazenconnect.com/a/aws-ta/e/qNVQO,26卒,2024年6月29日 11:07,2024年6月29日 11:07
募集中,Amazon Web Services Japan,AWS 技術職Workshop 全解剖！　Solutions Architect/Professional Services編,2024/06/17,2024/06/30,,https://www.amazon.jobs/jp/jobs/2668972/26-solutions-architect-professional-services-1day-workshop,26卒,2024年6月29日 11:07,2024年6月29日 11:07
終了,Amazon Web Services Japan,AWS 技術職Workshop 全解剖！　Solutions Architect/Professional Services編 Workshop説明会　6/26　18：00開始,2024/06/03,2024/06/26,説明会,https://app.brazenconnect.com/a/aws-ta/e/8Lmwq,26卒,2024年6月29日 11:07,2024年6月29日 11:07
募集中,Amazon Web Services Japan,2026年卒対象 AWS 技術職Workshop 全解剖！ Support Engineer,2024/06/17,2024/06/30,,https://app.brazenconnect.com/a/aws-ta/e/qNVQO,26卒,2024年6月29日 11:07,2024年6月29日 11:07
終了,株式会社セキュアスカイ・テクノロジー,Webセキュリティで関心が高まっている技術についての研究調査,2024/05/23,2024/06/23,,https://www.securesky-tech.com/2024/05/23/7445/,,2024年6月29日 11:07,2024年6月29日 11:07
終了,株式会社NTTデータ,夏季プロジェクト型インターンシップ,2024/05/31,2024/06/11,インターン,https://nttdata-recruit.com/event/internship.html,,2024年6月29日 11:07,2024年6月29日 11:07
募集中,株式会社BuySell Technologies,【日給2万円/モダンな技術で開発ができる】プロフェッショナル1dayインターンシップ。日本CTO協会理事を務めるCTO今村の特別セミナーあり！,2024/05/23,2024/08/07,インターン,https://herp.careers/v1/buyselltech/WzLB4PrjJi74,26卒,2024年6月29日 11:07,2024年6月29日 11:07
募集中,Meltly株式会社,【DaysAI】バックエンドエンジニア（通年長期インターン）,2024/05/01,2025/03/31,インターン,https://forms.gle/TM7M5vWFxVNz5kuS6,全学年,2024年6月29日 11:07,2024年6月29日 11:07
募集中,Meltly株式会社,【DaysAI】ML（機械学習）エンジニア（通年長期インターン）,2024/05/01,2025/03/31,インターン,https://forms.gle/TM7M5vWFxVNz5kuS6,全学年,2024年6月29日 11:07,2024年6月29日 11:07
終了,DATUM STUDIO株式会社,データサイエンティストに必要なスキルを強化！ あなたのデータ基盤、分析結果を業界トップランナーが徹底講評＆AWS、最先端データテクノロジーを触る5日間,2024/05/17,2024/06/28,インターン,https://hrmos.co/pages/supership/jobs/0000298,26卒,2024年6月29日 11:07,2024年6月29日 11:07
募集中,dely株式会社,【サービス開発経験不問/先輩エンジニア伴走】国内最大級のレシピサービス“クラシル“の 企画から開発まで一気通貫で取り組む3Daysの短期集中の26卒向け実践型インターン,2024/05/16,2024/06/30,インターン,https://public.n-ats.hrmos.co/dely/jobs/1999649409401024512,,2024年6月29日 11:07,2024年6月29日 11:07
募集中,NOT A HOTEL株式会社,【NOT A HOTEL】25卒ソフトウェアエンジニア　選考直結型インターン,2024/05/09,2024/07/01,インターン,https://open.talentio.com/r/1/c/notahotel/pages/87543,25卒,2024年6月29日 11:07,2024年6月29日 11:07
募集中,株式会社羅針盤,ソフトウェアエンジニア 長期インターン (Web / フルスタック / エンジニア界のスーパースターを目指すコース）,2024/05/09,2024/06/30,インターン,https://hrmos.co/pages/1861638307530842112/jobs/PD001,,2024年6月29日 11:07,2024年6月29日 11:07
募集中,株式会社ヘルスベイシス,【26新卒｜就業型】SaaS事業の実践型長期エンジニアインターンシップ,2024/05/08,2024/06/30,就業型インターン,https://docs.google.com/forms/d/e/1FAIpQLSe88y9nTiPMekKCUd-1twsvynoxAV5LBUe2x2wlwEo6vr8AVw/viewform?usp=sf_link,,2024年6月29日 11:07,2024年6月29日 11:07
終了,株式会社T2,【Motion Planning】自動運転ソフトウェアエンジニア、2024夏季インターンシップ,2024/05/08,2024/06/02,インターン,https://hrmos.co/pages/t2auto/jobs/0000058,,2024年6月29日 11:07,2024年6月29日 11:07
終了,株式会社T2,【Localization】自動運転ソフトウェアエンジニア、2024夏季インターンシップ,2024/05/08,2024/06/02,インターン,https://hrmos.co/pages/t2auto/jobs/0000058,,2024年6月29日 11:07,2024年6月29日 11:07
終了,株式会社T2,【Perception】自動運転ソフトウェアエンジニア、2024夏季インターンシップ,2024/05/08,2024/06/02,インターン,https://hrmos.co/pages/t2auto/jobs/0000058,,2024年6月29日 11:07,2024年6月29日 11:07
終了,株式会社T2,【Web tool(Infrastructure)】自動運転ソフトウェアエンジニア、2024夏季インターンシップ,2024/05/08,2024/06/02,インターン,https://hrmos.co/pages/t2auto/jobs/0000058,,2024年6月29日 11:07,2024年6月29日 11:07
募集中,株式会社Entale,エンジニアインターン - ペアケア,2024/05/07,,インターン,https://herp.careers/v1/entale/hlfSOVrMI_Pl,,2024年6月29日 11:07,2024年6月29日 11:07
募集中,株式会社AppBrew,"【AppBrew】(時給3,000円〜)長期インターン／ソフトウェアエンジニア",2024/04/26,2024/08/31,インターン,https://herp.careers/v1/appbrew/_APJvQDTSwLc,"25卒, 26卒, 27卒, 全学年",2024年6月29日 11:07,2024年6月29日 11:07
募集中,株式会社AppBrew,"【AppBrew】(時給3,000円〜)短期サマーインターン(5Days)ソフトウェアエンジニア",2024/04/26,2024/08/31,インターン,https://herp.careers/v1/appbrew/QuNCM4wi_Zmf,"25卒, 26卒, 27卒, 全学年",2024年6月29日 11:07,2024年6月29日 11:07
募集中,株式会社トラストハブ,3週間で40万円！スタートアップでtoC向けウェブ開発,2024/04/15,2024/07/16,就業型インターン,https://trusthub.notion.site/2024-3-40-toC-da52dd34e3024fe1a0cd96246a7197bb,,2024年6月29日 11:07,2024年6月29日 11:07
募集中,株式会社トラストハブ,3週間で40万円！スタートアップで膨大なデータを用いた開発・データ分析,2024/04/15,2024/07/16,就業型インターン,https://trusthub.notion.site/2024-3-40-24949c1a1df44215ad49fdd5891d70f6,,2024年6月29日 11:07,2024年6月29日 11:07
募集中,Suzuca Technologies株式会社,ソフトウェアエンジニア 長期インターンシップ,2024/04/20,,就業型インターン,https://suzuca.ai/recruit,,2024年6月29日 11:07,2024年6月29日 11:07
終了,弁護士ドットコム株式会社,【26新卒】エンジニア職新卒採用_5days Summer Internship,2024/04/16,2024/05/13,,https://hrmos.co/pages/bengo4/jobs/0089206,,2024年6月29日 11:07,2024年6月29日 11:07
募集中,polyfit株式会社,Software Engineer（長期）,2024/04/16,,インターン,https://herp.careers/v1/polyfit/_xTIMbaWptHx,,2024年6月29日 11:07,2024年6月29日 11:07
募集中,株式会社RightTouch,就業型長期インターン（フルスタック開発）,2024/04/16,2024/09/30,インターン,https://forms.gle/iBkvvJBwgDKnyHok8,,2024年6月29日 11:07,2024年6月29日 11:07
募集中,アクロクエストテクノロジー株式会社,【26卒/早期選考直結】IT業界研究はこれでOK！リモートオープンカンパニー,2024/04/16,2024/12/28,インターン,https://recruit.acroquest.co.jp/remote-open-company/,,2024年6月29日 11:07,2024年6月29日 11:07
募集中,株式会社エス・エム・エス,エンジニア新卒 - インターン応募【26卒/早期先行直結型】,2024/04/16,2024/06/30,インターン,https://open.talentio.com/r/1/c/smsc/pages/91222,,2024年6月29日 11:07,2024年6月29日 11:07
募集中,株式会社マクロミル,テクノロジー部門 長期インターン,2024/04/01,,インターン,https://www.macromill.com/recruit/tech/intern/,,2024年6月29日 11:07,2024年6月29日 11:07
募集中,博報堂／博報堂ＤＹメディアパートナーズ,データサイエンス篇＜マーケティングサイエンスコース＞,,,インターン,https://hakusuku.jp/recruit/information/internship/datascience-marketing/,,2024年6月29日 11:07,2024年6月29日 11:07
募集中,博報堂／博報堂ＤＹメディアパートナーズ,データサイエンス篇 ＜エンジニアリングコース ＞,,,インターン,https://hakusuku.jp/recruit/information/internship/datascience-engineering/,,2024年6月29日 11:07,2024年6月29日 11:07
募集中,株式会社 GROWTH VERSE,長期インターンシップ,2024/03/31,2024/08/31,インターン,https://growth-verse.ai/careers/,,2024年6月29日 11:07,2024年6月29日 11:07
募集中,株式会社パンフォーユー,開発Gの長期インターン募集！パン屋のサービスを一緒に開発しましょう！,2024/03/27,2024/08/31,インターン,https://www.wantedly.com/projects/1655327,,2024年6月29日 11:07,2024年6月29日 11:07
募集中,株式会社Techouse,【実務未経験OK / Web開発長期インターン】研修制度・教育支援制度充実！自社プロダクトのWeb開発業務を「設計から実装まで」お任せします,2024/01/01,2024/06/30,インターン,https://acaric.jp/company-search/detail/148658/jobDetail/1483018,,2024年6月29日 11:07,2024年6月29日 11:07
募集中,株式会社Progate,【株式会社Progate】25卒_選考直結の選抜型長期インターン募集！ 〜実務を体験してみよう〜,2024/03/19,,インターン,https://app.path.progate.com/job-postings/nC5xwnb3kHkDYwCEBXeyn,,2024年6月29日 11:07,2024年6月29日 11:07
終了,三井物産セキュアディレクション株式会社,MBSD仕事体験【1day】監視エンジニア/アナリストコース,2024/03/15,2024/05/31,インターン,https://www.mbsd.jp/news/20240315/work-experience/,,2024年6月29日 11:07,2024年6月29日 11:07
終了,三井物産セキュアディレクション株式会社,MBSD仕事体験【5days】診断エンジニアコース,2024/03/15,2024/05/31,インターン,https://www.mbsd.jp/news/20240315/work-experience/,,2024年6月29日 11:07,2024年6月29日 11:07
終了,三井物産セキュアディレクション株式会社,MBSD仕事体験【1day】コンサルタントコース,2024/03/15,2024/05/31,インターン,https://www.mbsd.jp/news/20240315/work-experience/,,2024年6月29日 11:07,2024年6月29日 11:07
募集中,DeepEyeVision株式会社,DeepEyeVision株式会社 長期インターンシップ（ML Engineer / Researcher）,2024/03/01,2025/03/31,インターン,https://deepeyevision.com/,,2024年6月29日 11:07,2024年6月29日 11:07
終了,株式会社KADOKAWA Connected,エンジニアインターン(2週間),2024/04/24,2024/05/20,就業型インターン,https://kadokawa-connected.snar.jp/jobboard/detail.aspx?id=9_5yx8FwAWs,,2024年6月29日 11:07,2024年6月29日 11:07
募集中,株式会社バンダイナムコスタジオ,バンダイナムコスタジオ　インターン・ワークショップSUMMER 2024,2024/06/10,2024/07/10 18:00 (JST),インターン,https://www.bandainamcostudios.com/recruit/graduate/news/15303,"26卒, 学部（専攻）不問",2024年6月29日 11:07,2024年6月29日 11:07
募集中,株式会社バンダイナムコスタジオ,バンダイナムコスタジオ　インターン・ワークショップSUMMER 2024,2024/06/10,2024/07/31 18:00 (JST),インターン,https://www.bandainamcostudios.com/recruit/graduate/news/15303,"全学年, 学部（専攻）不問",2024年6月29日 11:07,2024年6月29日 11:07
募集中,franky株式会社,長期インターン（min6ヶ月）サーバーサイドエンジニア｜アパレルECのアプリ開発,2024/04/18,,インターン,https://herp.careers/v1/franky/kDmSmFNZ0GdI,,2024年6月29日 11:07,2024年6月29日 11:07
募集中,株式会社アダコテック,【選考直結】画像処理・機械学習 1weekインターンシップ,2024/04/03,2025/03/31,インターン,https://herp.careers/v1/adacotech/mPVEYKnSqGv4,,2024年6月29日 11:07,2024年6月29日 11:07
終了,株式会社ハウテレビジョン,株式会社ハウテレビジョン フロントエンドエンジニア | 外資就活ドットコム,2024/02/28,2024/03/31,インターン,https://gaishishukatsu.com/recruiting_info/view/10032,,2024年6月29日 11:07,2024年6月29日 11:07
募集中,株式会社ハウテレビジョン,"【学年不問・時給2,500円〜】外資就活ドットコム エンジニア長期インターン",2024/06/06,2024/07/31,インターン,https://gaishishukatsu.com/recruiting_info/view/10632,全学年,2024年6月29日 11:07,2024年6月29日 11:07
募集中,ビッグローブ株式会社,https://job.mynavi.jp/26/pc/corpinfo/displayInternship/index?corpId=111569&optNo=V1vdD,2024/06/06,2024/09/04,インターン,https://mypage.3010.i-webs.jp/biglobe2026/applicant/login/baitai-entry/entrycd/mahou,全学年,2024年6月29日 11:07,2024年6月29日 11:07
募集中,ビッグローブ株式会社,【インターネットを支える】BIGLOBEのネットワークエンジニア業務体験 (データセンター見学あり),2024/06/06,2024/08/21,インターン,https://mypage.3010.i-webs.jp/biglobe2026/applicant/login/baitai-entry/entrycd/mahou,全学年,2024年6月29日 11:07,2024年6月29日 11:07
募集中,株式会社オプティム,【26卒向けサマーインターン’24】フロントエンドエンジニア【２Weekオンライン・オフライン融合】,2024/04/25,2024/07/31,インターン,https://recruit.jobcan.jp/optim/job_offers/1902085,,2024年6月29日 11:07,2024年6月29日 11:07
募集中,株式会社オプティム,【26卒向けサマーインターン’24】バックエンドエンジニア【２Weekオンライン・オフライン融合】,2024/04/25,2024/07/31,インターン,https://recruit.jobcan.jp/optim/job_offers/1902086,,2024年6月29日 11:07,2024年6月29日 11:07
募集中,株式会社オプティム,【26卒向けサマーインターン’24】AIエンジニア【２Weekオンライン・オフライン融合】,2024/04/25,2024/07/31,インターン,https://recruit.jobcan.jp/optim/job_offers/1902084,,2024年6月29日 11:07,2024年6月29日 11:07
募集中,株式会社Finatextホールディングス,【ソフトウェアエンジニア】Go言語とAWSを使って証券サービスの運用に欠かせないシステムの開発を体験しよう！,2024/05/29,2024/08/04,インターン,https://hd.finatext.com/news/20240529/,全学年,2024年6月29日 11:07,2024年6月29日 11:07
募集中,株式会社Finatextホールディングス,【データサイエンティスト】Python/SQLで実践的ビックデータ分析！,2024/05/29,2024/08/04,インターン,https://hd.finatext.com/news/20240529/,全学年,2024年6月29日 11:07,2024年6月29日 11:07
募集中,株式会社ヤプリ,株式会社ヤプリ ソフトウェアエンジニア（min1ヶ月〜就業型インターン）,2024/01/01,2024/12/01,インターン,https://open.talentio.com/r/1/c/yappli/pages/48842,,2024年6月29日 11:07,2024年6月29日 11:07
募集中,株式会社ヤプリ,"株式会社ヤプリ SRE,セキュリティエンジニア（min1ヶ月〜就業型インターン）",2024/01/01,2024/12/01,インターン,https://open.talentio.com/r/1/c/yappli/pages/48842,,2024年6月29日 11:07,2024年6月29日 11:07
募集中,株式会社ヤプリ,株式会社ヤプリ モバイルエンジニア（min1ヶ月〜就業型インターン）,2024/01/01,2024/12/01,インターン,https://open.talentio.com/r/1/c/yappli/pages/48842,,2024年6月29日 11:07,2024年6月29日 11:07
通年,株式会社ラブグラフ,【ラブグラフ】サーバーサイドエンジニア（通年インターン）,2024/05/24,2025/03/31,インターン,https://herp.careers/v1/lovegraph/TzHITy0TRbVQ,"26卒, 27卒, 全学年",2024年6月29日 11:07,2024年6月29日 11:07
募集中,株式会社ELYZA,長期MLインターン(LLM開発/LLMプロダクト開発),2024/03/25,2024/09/30,インターン,https://herp.careers/v1/elyza0/5NDSK40otpLI,,2024年6月29日 11:07,2024年6月29日 11:07
終了,株式会社NTTドコモ,Tech Workshop,2024/06/03,2024/06/25 12:00 (JST),Workshop,https://information.nttdocomo-fresh.jp/event/tech-workshop/,"26卒, 27卒",2024年6月29日 11:07,2024年6月29日 11:07
終了,株式会社NTTドコモ,現場受け入れ型インターンシップ,2024/06/03,2024/06/21,インターン,https://information.nttdocomo-fresh.jp/event/on-site-internship/,,2024年6月29日 11:07,2024年6月29日 11:07
募集中,BEENOS株式会社,【選考直結インターン】要件定義から実装まで一気通貫！可能性を拡げるBEENOSサマーインターン2024,2024/04/15,2024/06/30,インターン,https://hrmos.co/pages/beenos-recruit/jobs/0000032,,2024年6月29日 11:07,2024年6月29日 11:07
終了,株式会社ファーストリテイリング,【ファーストリテイリング】IT部 配属型長期インターンシップ,2024/05/13,2024/06/16,就業型インターン,https://www.fastretailing.com/employment/contents/ja/fastretailing/jp/gfs/events/global-business-internship/,,2024年6月29日 11:07,2024年6月29日 11:07
募集中,エムスリー株式会社,エムスリー株式会社　セキュリティエンジニア,2024/05/20,2025/07/31,インターン,https://open.talentio.com/r/1/c/m3/pages/80780,全学年,2024年6月29日 11:07,2024年6月29日 11:07
募集中,エムスリー株式会社,エムスリー株式会社　ソフトウェアエンジニア,2024/01/01,2024/12/31,インターン,https://open.talentio.com/r/1/c/m3/pages/80781,,2024年6月29日 11:07,2024年6月29日 11:07
募集中,エムスリー株式会社,エムスリー株式会社　機械学習エンジニア,2024/01/01,2024/12/31,インターン,https://open.talentio.com/r/1/c/m3/pages/78949,,2024年6月29日 11:07,2024年6月29日 11:07
募集中,エムスリー株式会社,【FY26新卒】データサイエンティスト インターンシップ（5日間）：課題解決の実践型インターン,2024/05/07,2024/08/31,インターン,https://open.talentio.com/r/1/c/m3/pages/89516,,2024年6月29日 11:07,2024年6月29日 11:07
募集中,エムスリー株式会社,エムスリー株式会社　AIチームMLOpsエンジニア,2024/01/01,2024/12/31,インターン,https://open.talentio.com/r/1/c/m3/pages/78950,,2024年6月29日 11:07,2024年6月29日 11:07
募集中,エムスリー株式会社,エムスリー株式会社　アプリエンジニア,2024/01/01,2024/12/31,インターン,https://open.talentio.com/r/1/c/m3/pages/80782,,2024年6月29日 11:07,2024年6月29日 11:07
募集中,GO株式会社,https://hrmos.co/pages/goinc/jobs/990000539,2024/04/01,2024/07/15,インターン,https://hrmos.co/pages/goinc/jobs/990000539,,2024年6月29日 11:07,2024年6月29日 11:07
終了,一般社団法人共同通信社,【共同通信社】エンジニア夏季インターン,2024/05/31,2024/06/16,インターン,https://forms.office.com/r/2y1n1c6d8F,全学年,2024年6月29日 11:07,2024年6月29日 11:07
募集中,株式会社PKSHA Technology,🌳26卒_長期就業型インターン🌳　ソフトウェアエンジニア（フルスタック）,2024/03/01,2025/03/31,就業型インターン,https://hrmos.co/pages/pkshatech/jobs/003new_2602,26卒,2024年6月29日 11:07,2024年6月29日 11:07
募集中,株式会社PKSHA Technology,🌳26卒_長期就業型インターン🌳　アルゴリズムエンジニア／データサイエンティスト,2024/03/01,2025/03/31,就業型インターン,https://hrmos.co/pages/pkshatech/jobs/003new_2601,26卒,2024年6月29日 11:07,2024年6月29日 11:07
募集中,株式会社PKSHA Technology,🌳26卒_サマーインターン🌳　アルゴリズムエンジニア／データサイエンティスト,2024/05/28,2024/06/30,インターン,https://hrmos.co/pages/pkshatech/jobs/003new_2603,26卒,2024年6月29日 11:07,2024年6月29日 11:07
募集中,株式会社PKSHA Technology,🌳26卒_サマーインターン🌳　ソフトウェアエンジニア（フルスタック）,2024/05/28,2024/08/31,インターン,https://hrmos.co/pages/pkshatech/jobs/003new_2604,26卒,2024年6月29日 11:07,2024年6月29日 11:07
終了,アスクル株式会社,アスクル株式会社　夏インターンシップ（FE/BE/インフラ/データサイエンス）,2024/05/20,2024/06/09 23:59 (JST),インターン,https://mypage.3030.i-webs.jp/askul2026/applicant/login/baitai-entry/entrycd/MSS,,2024年6月29日 11:07,2024年6月29日 11:07
募集中,株式会社ナレッジワーク,株式会社ナレッジワーク 2weeksインターン(ソフトウェアエンジニア),2024/02/28,2024/06/30,インターン,https://herp.careers/v1/kwork/WcK-CJ8-Y9Wk,,2024年6月29日 11:07,2024年6月29日 11:07
募集中,株式会社ドワンゴ,＜新卒エンジニア職＞26卒就業型インターンシップ【3ヶ月以上 / オンライン実施】※27卒以降も応相談,2024/05/15,,,https://dwango.snar.jp/jobboard/detail.aspx?id=avYqla3MTPs,,2024年6月29日 11:07,2024年6月29日 11:07
終了,株式会社ヴァル研究所,【26卒/開発体験型インターン】社会課題に対するソリューションをチーム開発！,2024/05/10,2024/06/26,インターン,https://recruit.jobcan.jp/val/job_offers/1915565,,2024年6月29日 11:07,2024年6月29日 11:07
募集中,株式会社ヴァル研究所,【26卒/就業型インターンシップ】ITの力で移動の課題を解決しよう！,2024/05/10,,就業型インターン,https://recruit.jobcan.jp/val/job_offers/1915565,,2024年6月29日 11:07,2024年6月29日 11:07
募集中,株式会社出前館,出前館サービス開発に携わる！実践型サマーインターン募集！,2024/06/19,2024/08/31,インターン,https://hrmos.co/pages/demaecan/jobs/1999046117321252871,"25卒, 26卒",2024年6月29日 11:07,2024年6月29日 11:07
終了,Visional（ビズリーチ）,【26卒】ものづくりのプロセスが学べる5daysインターンシップ！Engineer & Designer Internship 2024,2024/04/08,2024/06/21,インターン,https://public.n-ats.hrmos.co/rookie/jobs/1976135573173616640?_ga=2.75583637.1419558330.1712540196-1417867169.1674099947,,2024年6月29日 11:07,2024年6月29日 11:07
終了,Visional（ビズリーチ）,【26卒｜インターン説明会】ものづくりのプロセスが学べる5daysインターンシップ！Engineer &Designer Internship 2024,2024/04/08,2024/06/21,説明会,https://public.n-ats.hrmos.co/rookie/events/1976153322994679808?_ga=2.173168931.1419558330.1712540196-1417867169.1674099947,,2024年6月29日 11:07,2024年6月29日 11:07
募集中,株式会社ギフティ,26卒エンジニアインターン,2024/04/22,,インターン,https://herp.careers/v1/giftee/IdHiYc-TRpZV,,2024年6月29日 11:07,2024年6月29日 11:07
募集中,株式会社SmartHR,4daysサマーインターンシップ 2024(ウェブアプリケーションエンジニア),2024/04/12,2024/06/30,インターン,https://open.talentio.com/r/1/c/smarthr/pages/91417,,2024年6月29日 11:07,2024年6月29日 11:07
終了,株式会社ナビタイムジャパン,オープンカンパニー,2024/03/28,2024/06/27,イベント,https://sites.google.com/career.navitime.co.jp/internship/%E3%82%AA%E3%83%BC%E3%83%97%E3%83%B3%E3%82%AB%E3%83%B3%E3%83%91%E3%83%8B%E3%83%BC?authuser=0,,2024年6月29日 11:07,2024年6月29日 11:07
募集中,株式会社ナビタイムジャパン,エンジニア体験,2024/03/28,2024/07/15,インターン,https://sites.google.com/career.navitime.co.jp/internship/%E3%82%A8%E3%83%B3%E3%82%B8%E3%83%8B%E3%82%A2%E4%BD%93%E9%A8%93?authuser=0,,2024年6月29日 11:07,2024年6月29日 11:07
募集中,株式会社ナビタイムジャパン,開発体験,2024/03/28,2024/07/15,インターン,https://sites.google.com/career.navitime.co.jp/internship/%E9%96%8B%E7%99%BA%E4%BD%93%E9%A8%93?authuser=0,,2024年6月29日 11:07,2024年6月29日 11:07
終了,株式会社ナビタイムジャパン,データ運用・改善体験,2024/03/28,2024/05/31,インターン,https://sites.google.com/career.navitime.co.jp/internship/%E3%83%87%E3%83%BC%E3%82%BF%E9%81%8B%E7%94%A8%E6%94%B9%E5%96%84%E4%BD%93%E9%A8%93?authuser=0,,2024年6月29日 11:07,2024年6月29日 11:07
終了,株式会社マイナビ,クラウドエンジニア体験プログラム,2024/05/30,2024/06/27,,https://www.mynavi.jp/saiyou/news/internship/itopen-company-internship/,,2024年6月29日 11:07,2024年6月29日 11:07
終了,株式会社マイナビ,フルスタック開発プログラム,2024/05/30,2024/06/27,,https://www.mynavi.jp/saiyou/news/internship/itopen-company-internship/,,2024年6月29日 11:07,2024年6月29日 11:07
募集中,株式会社ミラティブ,【26卒／長期インターン】ソフトウェアエンジニア（バックエンド / Go）,2024/04/17,,就業型インターン,https://hrmos.co/pages/mirrativ/jobs/2217,,2024年6月29日 11:07,2024年6月29日 11:07
募集中,株式会社ミラティブ,【26卒／長期インターン】ライブ配信基盤開発,2024/04/17,,就業型インターン,https://hrmos.co/pages/mirrativ/jobs/2219,,2024年6月29日 11:07,2024年6月29日 11:07
募集中,株式会社ミラティブ,【26卒／長期インターン】インフラエンジニア,2024/04/17,,就業型インターン,https://hrmos.co/pages/mirrativ/jobs/2218,,2024年6月29日 11:07,2024年6月29日 11:07
募集中,株式会社ミラティブ,【26卒／長期インターン】ソフトウェアエンジニア（Unity）,2024/04/17,,就業型インターン,https://hrmos.co/pages/mirrativ/jobs/2216,,2024年6月29日 11:07,2024年6月29日 11:07
募集中,株式会社ミラティブ,【26卒／長期インターン】ソフトウェアエンジニア（Android / Kotlin）,2024/04/17,,就業型インターン,https://hrmos.co/pages/mirrativ/jobs/2215,,2024年6月29日 11:07,2024年6月29日 11:07
募集中,株式会社ミラティブ,【26卒／長期インターン】ソフトウェアエンジニア（iOS / Swift）,2024/04/17,,就業型インターン,https://hrmos.co/pages/mirrativ/jobs/2214,,2024年6月29日 11:07,2024年6月29日 11:07
募集中,株式会社MonotaRO,【26卒向け】モノタロウ🔧 Tech Summer Internship 2024 [Data Science]  -5days,2024/04/26,2024/07/05,インターン,https://forms.gle/YQfz2vuKx5b8fc3i6,,2024年6月29日 11:07,2024年6月29日 11:07
募集中,株式会社MonotaRO,【26卒向け】モノタロウ🔧 Tech Summer Internship 2024 [Engineering] -5days,2024/04/26,2024/07/05,インターン,https://forms.gle/Vc6YLExEKXni9ywa8,,2024年6月29日 11:07,2024年6月29日 11:07
終了,エキサイト株式会社,26卒対象｜実務就業型インターンシップ【Booost!!!】,2024/05/17,2024/06/28,就業型インターン,https://recruit.jobcan.jp/excite/job_offers/1935131,,2024年6月29日 11:07,2024年6月29日 11:07
終了,株式会社はてな,はてなサマーインターンシップ2024,2024/04/26,2024/06/10,,https://hatena.co.jp/recruit/intern/2024,,2024年6月29日 11:07,2024年6月29日 11:07
終了,freee株式会社,26卒｜早期選考直結！急成長SaaSでQAエンジニアの現場を体感するサマーインターン！＜未経験OK/文理不問＞,2024/03/28,2024/05/31,インターン,https://freee.my.salesforce-sites.com/SurveyCollector?surveyId=a7e2t000000Cq2cAAC&srcId=a4m10000000kQ3uAAE&utm_cid=1354804451.1698822224,,2024年6月29日 11:07,2024年6月29日 11:07
募集中,freee株式会社,freee株式会社【26卒】早期選考直結！未来のエンジニア募集！急成長SaaSで学ぶサマーインターン！,2024/04/30,2024/07/31,インターン,https://freee.my.salesforce-sites.com/SurveyCollector?surveyId=a7e2t000000Cq31AAC&utm_cid=324370549.1693549511,,2024年6月29日 11:07,2024年6月29日 11:07
募集中,freee株式会社,freee株式会社【26卒】早期選考直結！急成長Saas企業でエンジニアリングを体験できるサマーインターン！＜未経験OK/文理不問＞,2024/04/30,2024/06/30,インターン,https://freee.my.salesforce-sites.com/SurveyCollector?surveyId=a7e2t000000Cq2wAAC&utm_cid=324370549.1693549511,,2024年6月29日 11:07,2024年6月29日 11:07
終了,freee株式会社,freee株式会社【2026年卒向け】就業型2week Internship,2024/03/15,2024/06/12,インターン,https://freee.my.salesforce-sites.com/SurveyCollector?surveyId=a7e2t000000Cq2IAAS&utm_cid=806575095.1655456776,,2024年6月29日 11:07,2024年6月29日 11:07
終了,ちゅらデータ株式会社（KDDIグループ傘下）,大阪 開催【26新卒・27新卒】KDDIグループ傘下｜ 本選考に有利！最先端技術を速習する2日間＜データサイエンティストとデータエンジニア両方学べる / 全国開催＞,2024/05/08,2024/05/31,,https://churadata.okinawa/jobs/summer-internship2024/,,2024年6月29日 11:07,2024年6月29日 11:07
終了,ちゅらデータ株式会社（KDDIグループ傘下）,東京 開催【26新卒・27新卒】KDDIグループ傘下｜ 本選考に有利！最先端技術を速習する2日間＜データサイエンティストとデータエンジニア両方学べる / 全国開催＞,2024/05/08,2024/05/31,,https://churadata.okinawa/jobs/summer-internship2024/,,2024年6月29日 11:07,2024年6月29日 11:07
終了,ちゅらデータ株式会社（KDDIグループ傘下）,博多（福岡）開催【26新卒・27新卒】KDDIグループ傘下｜ 本選考に有利！最先端技術を速習する2日間＜データサイエンティストとデータエンジニア両方学べる / 全国開催＞,2024/05/08,2024/05/31,,https://churadata.okinawa/jobs/summer-internship2024/,,2024年6月29日 11:07,2024年6月29日 11:07
終了,ちゅらデータ株式会社（KDDIグループ傘下）,札幌（北海道）開催【26新卒・27新卒】KDDIグループ傘下｜ 本選考に有利！最先端技術を速習する2日間＜データサイエンティストとデータエンジニア両方学べる / 全国開催＞,2024/05/08,2024/05/31,,https://churadata.okinawa/jobs/summer-internship2024/,,2024年6月29日 11:07,2024年6月29日 11:07
終了,ちゅらデータ株式会社（KDDIグループ傘下）,沖縄 開催【26新卒・27新卒】KDDIグループ傘下｜ 本選考に有利！最先端技術を速習する2日間＜データサイエンティストとデータエンジニア両方学べる / 全国開催＞,2024/05/08,2024/05/31,,https://churadata.okinawa/jobs/summer-internship2024/,,2024年6月29日 11:07,2024年6月29日 11:07
募集中,エン・ジャパン株式会社,現場エンジニアからのコードレビューあり！エンジニアコース・5daysインターン,2024/05/17,2024/07/07,インターン,https://corp-recruit.en-japan.com/company/recruit/event/engineer-internship/index.html,,2024年6月29日 11:07,2024年6月29日 11:07
募集中,株式会社マネーフォワード,【この夏、人生をもっと前へ！本選考直結、就業型インターン】株式会社マネーフォワード,2024/03/15,2024/07/21,インターン,https://moneyforward-recruit.snar.jp/entry.aspx?entryid=92caa7d4-0da3-4fff-8e58-9064b30ca541,,2024年6月29日 11:07,2024年6月29日 11:07
終了,ラクスル株式会社,📌RAKSUL サマーインターン,2024/04/05,2024/06/28,インターン,https://hrmos.co/pages/raksul/jobs/1933007638523789328,,2024年6月29日 11:07,2024年6月29日 11:07
終了,ラクスル株式会社,📌RAKSUL インターン説明会,2024/04/02,2024/06/12,説明会,https://hrmos.co/pages/raksul/jobs/1933007638523789329,,2024年6月29日 11:07,2024年6月29日 11:07
募集中,株式会社エクサウィザーズ,【早期選考直結型】「技術の力で社会課題を解決する」就業型 エンジニアインターンシップ,2024/04/15,2024/06/30,インターン,https://recruit.exawizards.com/newgrads/eng/internship-2,,2024年6月29日 11:07,2024年6月29日 11:07
終了,フォルシア株式会社,【FORCIA】検索アプリケーション開発コース,2024/05/07,2024/06/28,インターン,https://www.forcia.com/jobs/summerinternship2024/spook.html,,2024年6月29日 11:07,2024年6月29日 11:07
終了,フォルシア株式会社,【FORCIA】Googleホテル広告配信最適化コース,2024/05/07,2024/06/28,インターン,https://www.forcia.com/jobs/summerinternship2024/gha.html,,2024年6月29日 11:07,2024年6月29日 11:07
終了,フォルシア株式会社,【FORCIA】検索DB高速化コース,2024/05/07,2024/06/28,インターン,https://www.forcia.com/jobs/summerinternship2024/speedup.html,,2024年6月29日 11:07,2024年6月29日 11:07
終了,フォルシア株式会社,【FORCIA】SaaSプロダクト運用改善コース,2024/05/07,2024/06/28,インターン,https://www.forcia.com/jobs/summerinternship2024/saas.html,,2024年6月29日 11:07,2024年6月29日 11:07
終了,フォルシア株式会社,【FORCIA】AI画像認識コース,2024/05/07,2024/06/28,インターン,https://www.forcia.com/jobs/summerinternship2024/imgrec.html,,2024年6月29日 11:07,2024年6月29日 11:07
終了,フォルシア株式会社,【FORCIA】RustExtension（PostgreSQL拡張）開発コース,2024/05/07,2024/06/28,インターン,https://www.forcia.com/jobs/summerinternship2024/rustex.html,,2024年6月29日 11:07,2024年6月29日 11:07
終了,フォルシア株式会社,【FORCIA】SREコース,2024/05/07,2024/06/28,インターン,https://www.forcia.com/jobs/summerinternship2024/sre.html,,2024年6月29日 11:07,2024年6月29日 11:07
終了,株式会社ブレインパッド,【26卒/早期選考直結！】ブレインパッド|データサイエンティスト6Daysインターンシップ-ビジネス課題を分析を用いて解決するプロセスを体験-（第1クール:5/22締切）,2024/04/16,2024/05/22,インターン,https://brainpad-recruit.snar.jp/entry.aspx?entryid=56955f8d-4a9b-4455-ae29-d42a2e63f20f,,2024年6月29日 11:07,2024年6月29日 11:07
募集中,株式会社ブレインパッド,【26卒/早期選考直結！】2024 SUMMER EVENT エンジニアコース（プレエントリー）,2024/05/02,2024/09/30,イベント,https://brainpad-recruit.snar.jp/entry.aspx?entryid=d2f632f3-f8f9-49a1-a6a8-c045569fcf9a,,2024年6月29日 11:07,2024年6月29日 11:07
募集中,株式会社ブレインパッド,【26卒/早期選考直結！】ブレインパッド|データサイエンティスト6Daysインターンシップ-ビジネス課題を分析を用いて解決するプロセスを体験-(第2クール:6/30ES提出締切）,2024/04/16,2024/06/30,インターン,https://brainpad-recruit.snar.jp/entry.aspx?entryid=fd19704f-2b0e-4e5d-9c65-aced93e3507a,,2024年6月29日 11:07,2024年6月29日 11:07
募集中,チームラボ株式会社,【ES不要/2週間就業型/内定直結】サマーインターンシップ,2024/04/01,2024/07/01 10:00 (JST),インターン,https://internship.team-lab.com/,,2024年6月29日 11:07,2024年6月29日 11:07
終了,株式会社Flatt Security,株式会社Flatt Security サマーインターン,2024/04/25,2024/05/31,インターン,https://docs.google.com/forms/d/e/1FAIpQLSeU5CMud3W7aQobP3RVaJfyknFAC4NYdrExJ9QlHAD1vqq9oA/viewform,,2024年6月29日 11:07,2024年6月29日 11:07
終了,株式会社Preferred Networks,株式会社 Preferred Networks 夏季国内インターンシップ - ７週間研究開発コース,2024/03/27,2024/04/21,インターン,https://www.preferred.jp/ja/news/internship2024/,,2024年6月29日 11:07,2024年6月29日 11:07
終了,株式会社Preferred Networks,株式会社 Preferred Networks 夏季国内インターンシップ - 10日間短期開発コース,2024/03/27,2024/04/21,インターン,https://www.preferred.jp/ja/news/internship2024/,,2024年6月29日 11:07,2024年6月29日 11:07
終了,株式会社Preferred Networks,株式会社 Preferred Networks 夏季国内インターンシップ - ４週間グループ開発コース,2024/03/27,2024/04/21,インターン,https://www.preferred.jp/ja/news/internship2024/,,2024年6月29日 11:07,2024年6月29日 11:07
通年,STORES 株式会社,【内定直結】中長期実務インターン,2024/04/01,2024/08/31,インターン,https://hrmos.co/pages/storesinc/jobs/0000064,,2024年6月29日 11:07,2024年6月29日 11:07
募集中,Chatwork株式会社,Chatwork 2weeks「学び、試し、未知を拓く」エンジニアインターンシップ ※6/30最終締め切り※,2024/06/01,2024/06/30,インターン,https://hrmos.co/pages/chatwork/jobs/1020122/apply,,2024年6月29日 11:07,2024年6月29日 11:07
終了,GMOペパボ,【26卒エンジニア向け】就業型 サマーインターンシップ,2024/04/16,2024/06/14,インターン,https://open.talentio.com/r/1/c/pepabo/pages/91392,,2024年6月29日 11:07,2024年6月29日 11:07
募集中,株式会社プレイド,【PLAID】即開発チームに配属！SaaS事業の実践型長期インターン！,2024/04/11,,インターン,https://recruit.plaid.co.jp/requisitions/new-graduate-engineer,,2024年6月29日 11:07,2024年6月29日 11:07
募集中,株式会社PR TIMES,【通年募集】CTO直下の学生インターン,2024/06/04,,インターン,https://herp.careers/v1/prtimes/yqADIecHef7y,全学年,2024年6月29日 11:07,2024年6月29日 11:07
募集中,株式会社PR TIMES,【内定直結】PR TIMES HACKATHON 2024 Summer,2024/06/04,2024/08/04,ハッカソン,https://prtimes.jp/main/html/rd/p/000001414.000000112.html,"25卒, 26卒",2024年6月29日 11:07,2024年6月29日 11:07
募集中,Sansan株式会社,【Sansan】モバイルアプリ開発 1Day Internship,2024/03/21,2024/06/30,インターン,https://sansan-engineering.notion.site/1Day-Internship-72cf712884a545959d00b28f24aab51f,,2024年6月29日 11:07,2024年6月29日 11:07
募集中,Sansan株式会社,React + RailsのフルスタックWeb開発 1Day Internship,2024/03/21,2024/06/30,インターン,https://sansan-engineering.notion.site/React-Rails-Web-1Day-Internship-719cd3daf3c342729f2bfe8f76f43657,,2024年6月29日 11:07,2024年6月29日 11:07
募集中,Sansan株式会社,"マイクロサービスでのフルスタックWeb開発 2Days Internship ",2024/03/21,2024/06/30,インターン,https://sansan-engineering.notion.site/Web-2Days-Internship-afb089754f6f4b2183b5406941d90761,,2024年6月29日 11:07,2024年6月29日 11:07
募集中,Sansan株式会社,"Sansan Data Hub  1Day Internship ",2024/03/21,2024/06/30,インターン,https://sansan-engineering.notion.site/Sansan-Data-Hub-1Day-Internship-62fd99cc1db043429c9ee2d5d8279cfd,,2024年6月29日 11:07,2024年6月29日 11:07
募集中,Sansan株式会社,1Dayで学ぶデータ化の裏側 ~Pythonで開発するワークフローシステム~,2024/03/21,2024/06/30,インターン,https://sansan-engineering.notion.site/1-Day-Python-005a0e69836a444faa0b95aa6b5893fc,,2024年6月29日 11:07,2024年6月29日 11:07
募集中,Sansan株式会社,R&D データ分析アプリ開発 1Day Internship with Python on Kubernetes,2024/03/21,2024/06/30,インターン,https://sansan-engineering.notion.site/R-D-1Day-Internship-with-Python-on-Kubernetes-e1dd6a478da64610ae8f9417b0fef683,,2024年6月29日 11:07,2024年6月29日 11:07
募集中,Sansan株式会社,TypeScript ビジネスデータ基盤開発 1Day Internship,2024/03/21,2024/06/30,インターン,https://sansan-engineering.notion.site/TypeScript-1Day-Internship-92cc4e5b4c8a458880ef2fa40bdeea1a,,2024年6月29日 11:07,2024年6月29日 11:07
募集中,Sansan株式会社,実務体験型有給サマーインターン Sansan Summer Internship 2024,2024/03/08,2024/06/30,インターン,https://sansan-engineering.notion.site/Sansan-Summer-Internship-2024-7f07fa1a728149be9f3bbd27fed0258c,,2024年6月29日 11:07,2024年6月29日 11:07
募集中,Sansan株式会社,Sansan R&D Summer Internship 2024,2024/03/08,2024/06/30,インターン,https://sansan-engineering.notion.site/Sansan-R-D-Summer-Internship-2024-e512f66682864b14b16c7ffea97b6f0e,,2024年6月29日 11:07,2024年6月29日 11:07
募集中,Sansan株式会社,【コーポレートエンジニア・セキュリティエンジニア対象】実務体験型有給インターン Sansan Internship 2024,2024/05/02,2024/06/30,,https://sansan-engineering.notion.site/Sansan-Internship-2024-192d9c53b6624a35be2574ffeb9534f5,,2024年6月29日 11:07,2024年6月29日 11:07
終了,株式会社いい生活,いい生活 グループワーク型サマーインターンシップ～いい生活のサービスのAPIとReactを使ってチーム開発をしよう！～,2024/03/13,2024/06/24,インターン,https://e-seikatsu.snar.jp/jobboard/detail.aspx?id=v30dholMVeAqqc1ifSiKbg,,2024年6月29日 11:07,2024年6月29日 11:07
募集中,株式会社Speee,【Speee】リアルな社会課題をもとに企画から実装まで一気通貫！10→100を見越した01事業立ち上げインターン,2024/03/01,2024/08/31,インターン,https://speee-recruit.snar.jp/jobboard/detail.aspx?id=WAsP-EMywb2ihGq7Sgu_jQ,,2024年6月29日 11:07,2024年6月29日 11:07
募集中,株式会社Speee,【Speee】マネージャー直下のチームで就業型課題解決インターン(期間・日数は応相談),2024/03/07,2024/09/30,インターン,https://speee-recruit.snar.jp/jobboard/detail.aspx?id=ZzLwz1nHr7NrRgayfAqYLw,,2024年6月29日 11:07,2024年6月29日 11:07
終了,株式会社　日本経済新聞社,【日経電子版】女性エンジニアの働き方紹介 & 短期インターンシップ 2024 説明会 6/27 19:00~,2024/06/17,2024/06/27,説明会,https://nikkei.connpass.com/event/321455/,全学年,2024年6月29日 11:07,2024年6月29日 11:07
募集中,株式会社　日本経済新聞社,日本経済新聞社 (日経) 長期インターン,2024/01/01,2025/03/31,インターン,https://hack.nikkei.com/internJobs/long_term/,,2024年6月29日 11:07,2024年6月29日 11:07
募集中,株式会社　日本経済新聞社,日経 短期インターンシップ@大阪 8/24(土)-8/28(水),2024/05/08,2024/07/24,インターン,https://hack.nikkei.com/internJobs/2024_summer/,全学年,2024年6月29日 11:07,2024年6月29日 11:07
募集中,株式会社　日本経済新聞社,日経 短期インターンシップ@東京 8/12(月)-8/16(金),2024/05/08,2024/07/12,インターン,https://hack.nikkei.com/internJobs/2024_summer/,全学年,2024年6月29日 11:07,2024年6月29日 11:07
募集中,株式会社　日本経済新聞社,日経 短期インターンシップ@東京 9/9(月)-9/13(金),2024/05/08,2024/08/09,インターン,https://hack.nikkei.com/internJobs/2024_summer/,全学年,2024年6月29日 11:07,2024年6月29日 11:07
終了,株式会社　日本経済新聞社,【日経電子版】短期インターンシップ2024 説明会 6/24 19:00~,2024/06/17,2024/06/24,説明会,https://nikkei.connpass.com/event/321455/,全学年,2024年6月29日 11:07,2024年6月29日 11:07
募集中,株式会社ACCESS,ACCESS 1DAY プラットフォーム開発インターン～ブラウザでスマートテレビのUIをつくろう！～★世界有数の組み込みブラウザ技術を持つACCESSだけのひと夏の体験★,2024/04/22,2024/09/25,インターン,https://www.access-company.com/recruit/workstyle/intern/,,2024年6月29日 11:07,2024年6月29日 11:07
募集中,株式会社ACCESS,ACCESS 2DAYS サーバーサイドエンジニアインターン～仮想IoTデバイスの監視サービス開発体験～,2024/04/22,2024/09/11,インターン,https://www.access-company.com/recruit/workstyle/intern/,,2024年6月29日 11:07,2024年6月29日 11:07
募集中,Turing（チューリング）株式会社,Turing（チューリング）株式会社_【25新卒】完全自動運転という本物の課題を一緒に解決してくれる仲間を募集！,2024/03/14,2025/02/28,本選考,https://herp.careers/v1/turing/qBLB_olJPLFY,,2024年6月29日 11:07,2024年6月29日 11:07
終了,Turing（チューリング）株式会社,2024 チューリングサマーインターン募集／完全自動運転リサーチ・end to end 自動運転開発・車載ソフトウェア開発,2024/04/18,2024/06/14,インターン,https://www.turing-motors.com/jobs/summerintern2024,,2024年6月29日 11:07,2024年6月29日 11:07
募集中,Turing（チューリング）株式会社,【通年】学生インターン_エンジニア_エンジニアリング・開発（開発部）,2024/04/18,,インターン,https://herp.careers/v1/turing/BvH7U5cUuQz4,,2024年6月29日 11:07,2024年6月29日 11:07
募集中,株式会社CARTA HOLDINGS,https://carta-recruit.snar.jp/entry.aspx?entryid=03e4b2b9-8212-48b3-aa68-d69d83b916b1,2024/06/21,2024/07/05,インターン,https://carta-recruit.snar.jp/entry.aspx?entryid=03e4b2b9-8212-48b3-aa68-d69d83b916b1,,2024年6月29日 11:07,2024年6月29日 11:07
終了,株式会社CARTA HOLDINGS,【昨年サマーインターンランキング第2位！】フルサイクル開発で進化するサマーインターン「Treasure」（ES最終〆切迫る…！）,2024/05/13,2024/05/31,インターン,https://carta-recruit.snar.jp/entry.aspx?entryid=275dbac4-9e26-4b0d-beb4-4d8aab13b1ad,,2024年6月29日 11:07,2024年6月29日 11:07
募集中,GMOインターネットグループ株式会社,GMO │ テクノロジーインターンシップ：Webエンジニアリングコース,2024/04/19,2024/06/30,インターン,https://recruit.gmo.jp/engineer/jisedai/internship/,,2024年6月29日 11:07,2024年6月29日 11:07
募集中,GMOインターネットグループ株式会社,GMO │ テクノロジーインターンシップ：ブロックチェーンコース,2024/04/19,2024/06/30,インターン,https://recruit.gmo.jp/engineer/jisedai/internship/,,2024年6月29日 11:07,2024年6月29日 11:07
募集中,GMOインターネットグループ株式会社,GMO │ テクノロジーインターンシップ：MLエンジニアリングコース,2024/04/19,2024/06/30,インターン,https://recruit.gmo.jp/engineer/jisedai/internship/,,2024年6月29日 11:07,2024年6月29日 11:07
募集中,GMOインターネットグループ株式会社,GMO │ テクノロジーインターンシップ：データサイエンスコース,2024/04/19,2024/06/30,インターン,https://recruit.gmo.jp/engineer/jisedai/internship/,,2024年6月29日 11:07,2024年6月29日 11:07
終了,合同会社DMM.com,DMMGUILD,2024/03/01,2024/06/28,インターン,https://dmm-corp.com/recruit/intern/engineer/guild/,,2024年6月29日 11:07,2024年6月29日 11:07
終了,合同会社DMM.com,就業型インターン,2024/03/01,2024/06/28,インターン,https://dmm-corp.com/recruit/intern/engineer/working/,,2024年6月29日 11:07,2024年6月29日 11:07
終了,合同会社DMM.com,"短期インターン　
～Android～
〜Go〜",2024/03/01,2024/06/14,インターン,https://dmm.snar.jp/jobboard/detail.aspx?id=B4SmZqfFziuQJumYjgzGlA,,2024年6月29日 11:07,2024年6月29日 11:07
募集中," 株式会社MIXI",Dive into MIXI 2024 夏季（エンジニア）,2024/03/25,2024/08/31,インターン,https://mixi-recruit.snar.jp/jobboard/detail.aspx?id=jOrDvayy37gB77hE3ZxpCg,,2024年6月29日 11:07,2024年6月29日 11:07
募集中,株式会社LayerX,株式会社LayerX　LLM領域リサーチエンジニア(実務型インターン・最短1ヶ月〜),2024/01/01,2025/03/31,インターン,https://open.talentio.com/r/1/c/layerx/pages/83317,,2024年6月29日 11:07,2024年6月29日 11:07
終了,株式会社LayerX,【バクラク】ソフトウェアエンジニア(サマーインターン),2024/03/27,2024/05/31,インターン,https://open.talentio.com/r/1/c/layerx/pages/90757,,2024年6月29日 11:07,2024年6月29日 11:07
終了,株式会社LayerX,【26卒エンジニア向け】LayerX Internship Tech LT #2,2024/04/11,2024/04/25,イベント,https://layerx.connpass.com/event/315430/,,2024年6月29日 11:07,2024年6月29日 11:07
募集中,株式会社LayerX,株式会社LayerX　機械学習エンジニア(実務型インターン・最短1ヶ月〜),2024/01/01,2025/03/31,インターン,https://open.talentio.com/r/1/c/layerx/pages/67728,,2024年6月29日 11:07,2024年6月29日 11:07
募集中,株式会社LayerX,【バクラク】機械学習エンジニア(新卒採用・サマーインターン),2024/05/09,,インターン,https://open.talentio.com/r/1/c/layerx/pages/92339,,2024年6月29日 11:07,2024年6月29日 11:07
募集中,株式会社LayerX,株式会社LayerX　ソフトウェアエンジニア(実務型インターン・最短1ヶ月〜),2024/01/01,2025/03/31,インターン,https://open.talentio.com/r/1/c/layerx/pages/52733,,2024年6月29日 11:07,2024年6月29日 11:07
終了,株式会社リクルート,【選考直結型】RECRUIT INTERNSHIP for Engineers 2024,2024/03/04,2024/04/23,インターン,https://www.recruit.co.jp/employment/students/engineers/event/recruit-internship-for-engineers-2024/?utm_source=msps&utm_medium=media&utm_campaign=2024eris,,2024年6月29日 11:07,2024年6月29日 11:07
終了,株式会社リクルート,【選考直結型】RECRUIT INTERNSHIP for Data Specialists 2024,2024/03/12,2024/05/09,インターン,https://www.recruit.co.jp/employment/students/engineers/event/recruit-internship-for-data-specialist-2024/?utm_source=msps&utm_medium=media&utm_campaign=2024dsis,,2024年6月29日 11:07,2024年6月29日 11:07
終了,サイボウズ株式会社,Cybozu Internship2024| バックエンド プラットフォーム(AWS),2024/04/22 10:00 (JST),2024/05/07 10:00 (JST),インターン,https://cybozu.co.jp/company/job/recruitment/intern/backend.html,,2024年6月29日 11:07,2024年6月29日 11:07
終了,サイボウズ株式会社,Cybozu Internship2024| クラウド基盤 プラットフォーム(自社基盤),2024/04/22 10:00 (JST),2024/05/07 10:00 (JST),インターン,https://cybozu.co.jp/company/job/recruitment/intern/platform.html,,2024年6月29日 11:07,2024年6月29日 11:07
終了,サイボウズ株式会社,Cybozu Internship2024| モバイル Android1週間,2024/04/22 10:00 (JST),2024/06/10,インターン,https://cybozu.co.jp/company/job/recruitment/intern/android1.html,,2024年6月29日 11:07,2024年6月29日 11:07
終了,サイボウズ株式会社,Cybozu Internship2024| プロダクトデザイナー,2024/04/22 10:00 (JST),2024/06/10,インターン,https://cybozu.co.jp/company/job/recruitment/intern/design.html,,2024年6月29日 11:07,2024年6月29日 11:07
終了,サイボウズ株式会社,Cybozu Internship2024| フロントエンド フロントエンドリアーキテクト,2024/04/22 10:00 (JST),2024/05/07 10:00 (JST),インターン,https://cybozu.co.jp/company/job/recruitment/intern/frontendrearchitect.html,,2024年6月29日 11:07,2024年6月29日 11:07
終了,サイボウズ株式会社,Cybozu Internship2024| クラウド基盤 ストレージ,2024/04/22 10:00 (JST),2024/06/10,インターン,https://cybozu.co.jp/company/job/recruitment/intern/storage.html,,2024年6月29日 11:07,2024年6月29日 11:07
終了,サイボウズ株式会社,Cybozu Internship2024| 生産性向上,2024/04/22 10:00 (JST),2024/06/10,インターン,https://cybozu.co.jp/company/job/recruitment/intern/improvement.html,,2024年6月29日 11:07,2024年6月29日 11:07
終了,サイボウズ株式会社,Cybozu Internship2024| Webアプリケーション kintone 開発コース,2024/04/22 10:00 (JST),2024/06/10,インターン,https://cybozu.co.jp/company/job/recruitment/intern/kintone.html,,2024年6月29日 11:07,2024年6月29日 11:07
終了,サイボウズ株式会社,Cybozu Internship2024| モバイル Android2週間,2024/04/22 10:00 (JST),2024/06/10,インターン,https://cybozu.co.jp/company/job/recruitment/intern/android2.html,,2024年6月29日 11:07,2024年6月29日 11:07
終了,サイボウズ株式会社,Cybozu Internship2024| モバイル iOS育成型,2024/04/22 10:00 (JST),2024/05/07 10:00 (JST),インターン,https://cybozu.co.jp/company/job/recruitment/intern/iostraining.html,,2024年6月29日 11:07,2024年6月29日 11:07
終了,サイボウズ株式会社,Cybozu Internship2024| フロントエンド フロントエンドエキスパート,2024/04/22 10:00 (JST),2024/05/07 10:00 (JST),インターン,https://cybozu.co.jp/company/job/recruitment/intern/frontendexpert.html,,2024年6月29日 11:07,2024年6月29日 11:07
終了,サイボウズ株式会社,Cybozu Internship2024| Webアプリケーション Garoon 性能改善,2024/04/22 10:00 (JST),2024/06/10,インターン,https://cybozu.co.jp/company/job/recruitment/intern/garoon.html,,2024年6月29日 11:07,2024年6月29日 11:07
終了,サイボウズ株式会社,Cybozu Internship2024| Webアプリケーション Garoon PHPアップデート,2024/04/22 10:00 (JST),2024/06/10,インターン,https://cybozu.co.jp/company/job/recruitment/intern/garoonphp.html,,2024年6月29日 11:07,2024年6月29日 11:07
終了,サイボウズ株式会社,Cybozu Internship2024| プロダクトセキュリティ,2024/04/22 10:00 (JST),2024/05/07 10:00 (JST),インターン,https://cybozu.co.jp/company/job/recruitment/intern/productsecurity.html,,2024年6月29日 11:07,2024年6月29日 11:07
終了,サイボウズ株式会社,Cybozu Internship2024| クラウド基盤 Kubernetes基盤開発,2024/04/22 10:00 (JST),2024/05/07 10:00 (JST),インターン,https://cybozu.co.jp/company/job/recruitment/intern/kubernetes.html,,2024年6月29日 11:07,2024年6月29日 11:07
終了,サイボウズ株式会社,Cybozu Internship2024| モバイル iOS実務体験型,2024/04/22 10:00 (JST),2024/05/07 10:00 (JST),インターン,https://cybozu.co.jp/company/job/recruitment/intern/iosexperience.html,,2024年6月29日 11:07,2024年6月29日 11:07
終了,ピクシブ株式会社,技術職向け夏インターンシップ『PIXIV SUMMER BOOT CAMP 2024』VRoidコース,2024/06/03,2024/06/21,インターン,https://internship.pixiv.co.jp/,"25卒, 26卒, 27卒",2024年6月29日 11:07,2024年6月29日 11:07
終了,ピクシブ株式会社,技術職向け夏インターンシップ『PIXIV SUMMER BOOT CAMP 2024』Webサービスコース,2024/06/03,2024/06/21,インターン,https://internship.pixiv.co.jp/,"25卒, 26卒, 27卒",2024年6月29日 11:07,2024年6月29日 11:07
終了,ピクシブ株式会社,技術職向け夏インターンシップ『PIXIV SUMMER BOOT CAMP 2024』基盤 /プラットフォームコース,2024/06/03,2024/06/21,インターン,https://internship.pixiv.co.jp/,"25卒, 26卒, 27卒",2024年6月29日 11:07,2024年6月29日 11:07
終了,ピクシブ株式会社,技術職向け夏インターンシップ『PIXIV SUMMER BOOT CAMP 2024』スマホアプリコース,2024/06/03,2024/06/21,インターン,https://internship.pixiv.co.jp/,"25卒, 26卒, 27卒",2024年6月29日 11:07,2024年6月29日 11:07
終了,クックパッド株式会社,【Cookpad Summer Internship 2024】　サービス開発OJTコース（iOS・Android）,2024/05/07,2024/06/06,就業型インターン,https://open.talentio.com/r/1/c/cookpad/pages/91692,,2024年6月29日 11:07,2024年6月29日 11:07
終了,クックパッド株式会社,【Cookpad Summer Internship 2024】　サービス開発OJTコース（サーバーサイド・基盤開発・機械学習）,2024/05/07,2024/06/06,就業型インターン,https://open.talentio.com/r/1/c/cookpad/pages/91691,,2024年6月29日 11:07,2024年6月29日 11:07
終了,株式会社ゆめみ,【26・27卒】あなたに合わせたバディをつけます！圧倒的フィードバック環境を体感するゆめみの2weeksサマーインターン！,2024/05/10,2024/05/31,インターン,https://hrmos.co/pages/yumemi/jobs/12345678901234567894 https://hrmos.co/pages/yumemi/jobs/12345678901234567895,,2024年6月29日 11:07,2024年6月29日 11:07
募集中,株式会社ゆめみ,【通年インターン（在校生）】Androidエンジニア,2024/04/12,2025/03/31,インターン,https://hrmos.co/pages/yumemi/jobs/301020000000,全学年,2024年6月29日 11:07,2024年6月29日 11:07
募集中,株式会社ゆめみ,【通年インターン（在校生）】iOSエンジニア,2024/04/12,2025/03/31,インターン,https://hrmos.co/pages/yumemi/jobs/301010000000,全学年,2024年6月29日 11:07,2024年6月29日 11:07
募集中,株式会社ゆめみ,【通年インターン（在校生）】サーバーサイドエンジニア,2024/04/12,2025/03/31,インターン,https://hrmos.co/pages/yumemi/jobs/301030000000,全学年,2024年6月29日 11:07,2024年6月29日 11:07
募集中,株式会社ゆめみ,【全学年新卒採用】エンジニア（ゆめみパスポートチャレンジ求人）春祭り【賞金総額200万円】,2024/04/23,2024/06/30,,https://hrmos.co/pages/yumemi/jobs/101000000010,"全学年, 学歴不問",2024年6月29日 11:07,2024年6月29日 11:07
終了,株式会社ゆめみ,【2024/5/18 ゆめみ1dayインターン】,2024/03/12,2024/04/24,インターン,https://hrmos.co/pages/yumemi/jobs/12345678901234567892,,2024年6月29日 11:07,2024年6月29日 11:07
終了,株式会社サイバーエージェント,プロトスプリントリーグ,2024/04/04,2024/06/25,インターン,https://www.cyberagent.co.jp/careers/students/event/detail/id=30093,,2024年6月29日 11:07,2024年6月29日 11:07
終了,株式会社サイバーエージェント,https://www.cyberagent.co.jp/careers/students/event/detail/id=29829,2024/03/12,2024/05/06,,https://www.cyberagent.co.jp/careers/students/event/detail/id=29829,,2024年6月29日 11:07,2024年6月29日 11:07
終了,株式会社サイバーエージェント,次世代トップエンジニア創出インターンシップ ACE,2024/04/04,2024/05/26,インターン,https://www.cyberagent.co.jp/careers/students/event/detail/id=30024,,2024年6月29日 11:07,2024年6月29日 11:07
募集中,株式会社サイバーエージェント,1か月就業型インターンシップ【通年募集】,2024/04/04,,インターン,https://www.cyberagent.co.jp/careers/students/event/detail/id=28227,,2024年6月29日 11:07,2024年6月29日 11:07
終了,株式会社サイバーエージェント,https://www.cyberagent.co.jp/careers/special/students/tech_cycompe/,2024/04/04,2024/06/25,ハッカソン,https://www.cyberagent.co.jp/careers/special/students/tech_cycompe/,,2024年6月29日 11:07,2024年6月29日 11:07
終了,楽天グループ株式会社,楽天グループ　Summer Short Internship 夏の陣2024　(Product Manager 新規企画立案),2024/04/12,2024/05/27 9:00 (JST),インターン,https://commerce-engineer.rakuten.careers/internship/summer-short,,2024年6月29日 11:07,2024年6月29日 11:07
終了,楽天グループ株式会社,楽天グループ　Summer Short Internship 夏の陣2024　(Application Engineer 新規プロトタイプ開発),2024/04/12,2024/05/27 9:00 (JST),インターン,https://commerce-engineer.rakuten.careers/internship/summer-short,,2024年6月29日 11:07,2024年6月29日 11:07
終了,楽天グループ株式会社,楽天グループ　Summer Short Internship 夏の陣2024　(QA Engineer 新規テスト設計),2024/04/12,2024/05/27 9:00 (JST),インターン,https://commerce-engineer.rakuten.careers/internship/summer-short,,2024年6月29日 11:07,2024年6月29日 11:07
終了,LINEヤフー株式会社,LINEヤフーインターンシップ2024,2024/04/17,2024/05/20 10:00 (JST),インターン,https://www.lycorp.co.jp/ja/recruit/newgrads/internship/engineer/#all,,2024年6月29日 11:07,2024年6月29日 11:07
終了," 株式会社ディー・エヌ・エー",【DeNA】AIスペシャリストコース＜AIスペシャリスト職＞,2024/04/01,2024/06/10,,https://dena.snar.jp/jobboard/detail.aspx?id=etCoqiGUSi-vcy4ausm3Dg,,2024年6月29日 11:07,2024年6月29日 11:07
募集中," 株式会社ディー・エヌ・エー",【DeNA】就業_ソフトウェアエンジニアリングコース,,,インターン,https://dena.snar.jp/jobboard/detail.aspx?id=M40Lch7O7-VqsMUJZ9vT8g,,2024年6月29日 11:07,2024年6月29日 11:07
募集中," 株式会社ディー・エヌ・エー",【DeNA】短期_ソフトウェアエンジニアリングコース,,,インターン,https://dena.snar.jp/jobboard/detail.aspx?id=M40Lch7O7-VqsMUJZ9vT8g,,2024年6月29日 11:07,2024年6月29日 11:07
終了,Google,Google ソフトウェア エンジニアリング インターン、2024 年夏季,2024/02/17,2024/03/31,インターン,https://www.google.com/about/careers/applications/jobs/results/78352561104396998-2024,,2024年6月29日 11:07,2024年6月29日 11:07
募集中,株式会社メルカリ,"Data Analyst, Mercari Summer Internship 2024",2024/03/26,,インターン,https://apply.workable.com/mercari/j/8F4878229B/,,2024年6月29日 11:07,2024年6月29日 11:07
募集中,株式会社メルカリ,"Software Engineer, Mercari Summer Internship 2024",2024/03/26,,インターン,https://apply.workable.com/mercari/j/E2873D5378/,,2024年6月29日 11:07,2024年6月29日 11:07
終了,株式会社メルカリ,【オンライン説明会】Mercari BOLD Program for Women: US Edition,2024/05/15,2024/05/26,説明会,https://forms.gle/TmaznuwJZ4M3xEuB9,,2024年6月29日 11:07,2024年6月29日 11:07
募集中,株式会社メルカリ,マーケティングスペシャリスト - Mercari Hallo (Internship),2024/05/02,,就業型インターン,https://apply.workable.com/mercari/j/ED2D313BCA/,,2024年6月29日 11:07,2024年6月29日 11:07
終了,株式会社メルカリ,メルペイ QA Summer Training Camp 2024 - Merpay (Internship),2024/03/07,2024/04/05,インターン,https://apply.workable.com/mercari/j/91BC6A04D7/,,2024年6月29日 11:07,2024年6月29日 11:07
募集中,株式会社メルカリ,Product Manager - Mercari Hallo / (Internship),2024/04/16,,就業型インターン,https://apply.workable.com/mercari/j/F912A5BF88/,,2024年6月29日 11:07,2024年6月29日 11:07
募集中,株式会社メルカリ,Product Manager - Merpay (Internship),2024/05/02,,就業型インターン,https://apply.workable.com/mercari/j/D5F8B829A1/,,2024年6月29日 11:07,2024年6月29日 11:07